timeStamp,elapsed,label,responseCode,responseMessage,threadName,dataType,success,failureMessage,bytes,sentBytes,grpThreads,allThreads,Latency,IdleTime,Connect
1529993197541,3016,HTTP Request,Non HTTP response code: java.net.ConnectException,Non HTTP response message: Connection refused: connect,Thread Group 1-2328,text,false,,2131,0,4878,4878,0,0,3016
1529993197530,3062,HTTP Request,Non HTTP response code: java.net.ConnectException,Non HTTP response message: Connection refused: connect,Thread Group 1-2273,text,false,,2131,0,4877,4877,0,0,3062
1529993197534,3229,HTTP Request,Non HTTP response code: java.net.ConnectException,Non HTTP response message: Connection refused: connect,Thread Group 1-2255,text,false,,2131,0,4869,4869,0,0,3229
1529993197542,3222,HTTP Request,Non HTTP response code: java.net.ConnectException,Non HTTP response message: Connection refused: connect,Thread Group 1-2331,text,false,,2131,0,4868,4868,0,0,3222
1529993197546,3219,HTTP Request,Non HTTP response code: java.net.ConnectException,Non HTTP response message: Connection refused: connect,Thread Group 1-1180,text,false,,2131,0,4866,4866,0,0,3219
1529993197535,3346,HTTP Request,Non HTTP response code: java.net.ConnectException,Non HTTP response message: Connection refused: connect,Thread Group 1-1195,text,false,,2131,0,4811,4811,0,0,3346
1529993197545,3337,HTTP Request,Non HTTP response code: java.net.ConnectException,Non HTTP response message: Connection refused: connect,Thread Group 1-1525,text,false,,2131,0,4809,4809,0,0,3337
1529993197641,3373,HTTP Request,Non HTTP response code: java.net.ConnectException,Non HTTP response message: Connection refused: connect,Thread Group 1-1003,text,false,,2131,0,4779,4779,0,0,3373
1529993197666,3386,HTTP Request,Non HTTP response code: java.net.ConnectException,Non HTTP response message: Connection refused: connect,Thread Group 1-2323,text,false,,2131,0,4777,4777,0,0,3386
1529993197659,3418,HTTP Request,Non HTTP response code: java.net.ConnectException,Non HTTP response message: Connection refused: connect,Thread Group 1-2189,text,false,,2131,0,4776,4776,0,0,3418
1529993197537,3540,HTTP Request,Non HTTP response code: java.net.ConnectException,Non HTTP response message: Connection refused: connect,Thread Group 1-1183,text,false,,2131,0,4776,4776,0,0,3540
1529993197698,3379,HTTP Request,Non HTTP response code: java.net.ConnectException,Non HTTP response message: Connection refused: connect,Thread Group 1-1378,text,false,,2131,0,4776,4776,0,0,3379
1529993197680,3398,HTTP Request,Non HTTP response code: java.net.ConnectException,Non HTTP response message: Connection refused: connect,Thread Group 1-2395,text,false,,2131,0,4776,4776,0,0,3398
1529993197702,3375,HTTP Request,Non HTTP response code: java.net.ConnectException,Non HTTP response message: Connection refused: connect,Thread Group 1-1340,text,false,,2131,0,4776,4776,0,0,3375
1529993197694,3384,HTTP Request,Non HTTP response code: java.net.ConnectException,Non HTTP response message: Connection refused: connect,Thread Group 1-1398,text,false,,2131,0,4775,4775,0,0,3384
1529993197648,3430,HTTP Request,Non HTTP response code: java.net.ConnectException,Non HTTP response message: Connection refused: connect,Thread Group 1-1911,text,false,,2131,0,4775,4775,0,0,3430
1529993197548,3530,HTTP Request,Non HTTP response code: java.net.ConnectException,Non HTTP response message: Connection refused: connect,Thread Group 1-1511,text,false,,2131,0,4774,4774,0,0,3530
1529993197664,3414,HTTP Request,Non HTTP response code: java.net.ConnectException,Non HTTP response message: Connection refused: connect,Thread Group 1-1531,text,false,,2131,0,4774,4774,0,0,3414
1529993197540,3538,HTTP Request,Non HTTP response code: java.net.ConnectException,Non HTTP response message: Connection refused: connect,Thread Group 1-1521,text,false,,2131,0,4773,4773,0,0,3538
1529993197646,3432,HTTP Request,Non HTTP response code: java.net.ConnectException,Non HTTP response message: Connection refused: connect,Thread Group 1-1095,text,false,,2131,0,4771,4771,0,0,3432
1529993197669,3409,HTTP Request,Non HTTP response code: java.net.ConnectException,Non HTTP response message: Connection refused: connect,Thread Group 1-2281,text,false,,2131,0,4770,4770,0,0,3409
1529993197656,3423,HTTP Request,Non HTTP response code: java.net.ConnectException,Non HTTP response message: Connection refused: connect,Thread Group 1-2029,text,false,,2131,0,4769,4769,0,0,3423
1529993197533,3546,HTTP Request,Non HTTP response code: java.net.ConnectException,Non HTTP response message: Connection refused: connect,Thread Group 1-2253,text,false,,2131,0,4769,4769,0,0,3546
1529993197645,3434,HTTP Request,Non HTTP response code: java.net.ConnectException,Non HTTP response message: Connection refused: connect,Thread Group 1-1793,text,false,,2131,0,4767,4767,0,0,3434
1529993197535,3544,HTTP Request,Non HTTP response code: java.net.ConnectException,Non HTTP response message: Connection refused: connect,Thread Group 1-1545,text,false,,2131,0,4765,4765,0,0,3544
1529993197693,3386,HTTP Request,Non HTTP response code: java.net.ConnectException,Non HTTP response message: Connection refused: connect,Thread Group 1-1408,text,false,,2131,0,4765,4765,0,0,3386
1529993197535,3544,HTTP Request,Non HTTP response code: java.net.ConnectException,Non HTTP response message: Connection refused: connect,Thread Group 1-1194,text,false,,2131,0,4763,4763,0,0,3544
1529993197544,3535,HTTP Request,Non HTTP response code: java.net.ConnectException,Non HTTP response message: Connection refused: connect,Thread Group 1-1524,text,false,,2131,0,4763,4763,0,0,3535
1529993197624,3456,HTTP Request,Non HTTP response code: java.net.ConnectException,Non HTTP response message: Connection refused: connect,Thread Group 1-1822,text,false,,2131,0,4762,4762,0,0,3456
1529993197677,3403,HTTP Request,Non HTTP response code: java.net.ConnectException,Non HTTP response message: Connection refused: connect,Thread Group 1-2373,text,false,,2131,0,4762,4762,0,0,3403
1529993197540,3540,HTTP Request,Non HTTP response code: java.net.ConnectException,Non HTTP response message: Connection refused: connect,Thread Group 1-1185,text,false,,2131,0,4761,4761,0,0,3540
1529993197673,3379,HTTP Request,Non HTTP response code: java.net.ConnectException,Non HTTP response message: Connection refused: connect,Thread Group 1-1483,text,false,,2131,0,4754,4754,0,0,3379
1529993197706,3651,HTTP Request,Non HTTP response code: java.net.ConnectException,Non HTTP response message: Connection refused: connect,Thread Group 1-2659,text,false,,2131,0,4748,4748,0,0,3651
1529993197752,3605,HTTP Request,Non HTTP response code: java.net.ConnectException,Non HTTP response message: Connection refused: connect,Thread Group 1-1643,text,false,,2131,0,4748,4748,0,0,3605
1529993197920,3437,HTTP Request,Non HTTP response code: java.net.ConnectException,Non HTTP response message: Connection refused: connect,Thread Group 1-1234,text,false,,2131,0,4748,4748,0,0,3437
1529993197655,3702,HTTP Request,Non HTTP response code: java.net.ConnectException,Non HTTP response message: Connection refused: connect,Thread Group 1-1632,text,false,,2131,0,4746,4746,0,0,3702
1529993197697,3661,HTTP Request,Non HTTP response code: java.net.ConnectException,Non HTTP response message: Connection refused: connect,Thread Group 1-2717,text,false,,2131,0,4745,4745,0,0,3661
1529993197782,3577,HTTP Request,Non HTTP response code: java.net.ConnectException,Non HTTP response message: Connection refused: connect,Thread Group 1-2497,text,false,,2131,0,4743,4743,0,0,3577
1529993197652,3707,HTTP Request,Non HTTP response code: java.net.ConnectException,Non HTTP response message: Connection refused: connect,Thread Group 1-1873,text,false,,2131,0,4743,4743,0,0,3707
1529993197780,3579,HTTP Request,Non HTTP response code: java.net.ConnectException,Non HTTP response message: Connection refused: connect,Thread Group 1-1263,text,false,,2131,0,4742,4742,0,0,3579
1529993197665,3694,HTTP Request,Non HTTP response code: java.net.ConnectException,Non HTTP response message: Connection refused: connect,Thread Group 1-2335,text,false,,2131,0,4742,4742,0,0,3694
1529993197711,3649,HTTP Request,Non HTTP response code: java.net.ConnectException,Non HTTP response message: Connection refused: connect,Thread Group 1-1061,text,false,,2131,0,4739,4739,0,0,3649
1529993197766,3594,HTTP Request,Non HTTP response code: java.net.ConnectException,Non HTTP response message: Connection refused: connect,Thread Group 1-1615,text,false,,2131,0,4739,4739,0,0,3594
1529993197881,3479,HTTP Request,Non HTTP response code: java.net.ConnectException,Non HTTP response message: Connection refused: connect,Thread Group 1-1343,text,false,,2131,0,4739,4739,0,0,3479
1529993197737,3624,HTTP Request,Non HTTP response code: java.net.ConnectException,Non HTTP response message: Connection refused: connect,Thread Group 1-1257,text,false,,2131,0,4736,4736,0,0,3624
1529993197712,3649,HTTP Request,Non HTTP response code: java.net.ConnectException,Non HTTP response message: Connection refused: connect,Thread Group 1-1646,text,false,,2131,0,4736,4736,0,0,3649
1529993197793,3568,HTTP Request,Non HTTP response code: java.net.ConnectException,Non HTTP response message: Connection refused: connect,Thread Group 1-2416,text,false,,2131,0,4736,4736,0,0,3568
1529993197977,3385,HTTP Request,Non HTTP response code: java.net.ConnectException,Non HTTP response message: Connection refused: connect,Thread Group 1-4408,text,false,,2131,0,4735,4735,0,0,3385
1529993197639,3723,HTTP Request,Non HTTP response code: java.net.ConnectException,Non HTTP response message: Connection refused: connect,Thread Group 1-1098,text,false,,2131,0,4733,4733,0,0,3723
1529993197896,3467,HTTP Request,Non HTTP response code: java.net.ConnectException,Non HTTP response message: Connection refused: connect,Thread Group 1-1382,text,false,,2131,0,4731,4731,0,0,3467
1529993197751,3612,HTTP Request,Non HTTP response code: java.net.ConnectException,Non HTTP response message: Connection refused: connect,Thread Group 1-2611,text,false,,2131,0,4731,4731,0,0,3612
1529993197740,3624,HTTP Request,Non HTTP response code: java.net.ConnectException,Non HTTP response message: Connection refused: connect,Thread Group 1-1224,text,false,,2131,0,4730,4730,0,0,3624
1529993197729,3634,HTTP Request,Non HTTP response code: java.net.ConnectException,Non HTTP response message: Connection refused: connect,Thread Group 1-1733,text,false,,2131,0,4730,4730,0,0,3634
1529993197782,3583,HTTP Request,Non HTTP response code: java.net.ConnectException,Non HTTP response message: Connection refused: connect,Thread Group 1-2496,text,false,,2131,0,4728,4728,0,0,3583
1529993197847,3518,HTTP Request,Non HTTP response code: java.net.ConnectException,Non HTTP response message: Connection refused: connect,Thread Group 1-1885,text,false,,2131,0,4727,4727,0,0,3518
1529993198014,3352,HTTP Request,Non HTTP response code: java.net.ConnectException,Non HTTP response message: Connection refused: connect,Thread Group 1-4323,text,false,,2131,0,4725,4725,0,0,3352
1529993197722,3644,HTTP Request,Non HTTP response code: java.net.ConnectException,Non HTTP response message: Connection refused: connect,Thread Group 1-1702,text,false,,2131,0,4725,4725,0,0,3644
1529993197906,3461,HTTP Request,Non HTTP response code: java.net.ConnectException,Non HTTP response message: Connection refused: connect,Thread Group 1-1199,text,false,,2131,0,4724,4724,0,0,3461
1529993197835,3533,HTTP Request,Non HTTP response code: java.net.ConnectException,Non HTTP response message: Connection refused: connect,Thread Group 1-1297,text,false,,2131,0,4722,4722,0,0,3533
1529993197805,3563,HTTP Request,Non HTTP response code: java.net.ConnectException,Non HTTP response message: Connection refused: connect,Thread Group 1-1274,text,false,,2131,0,4721,4721,0,0,3563
1529993198003,3365,HTTP Request,Non HTTP response code: java.net.ConnectException,Non HTTP response message: Connection refused: connect,Thread Group 1-4367,text,false,,2131,0,4721,4721,0,0,3365
1529993197784,3584,HTTP Request,Non HTTP response code: java.net.ConnectException,Non HTTP response message: Connection refused: connect,Thread Group 1-2478,text,false,,2131,0,4719,4719,0,0,3584
1529993197778,3591,HTTP Request,Non HTTP response code: java.net.ConnectException,Non HTTP response message: Connection refused: connect,Thread Group 1-2515,text,false,,2131,0,4718,4718,0,0,3591
1529993197801,3568,HTTP Request,Non HTTP response code: java.net.ConnectException,Non HTTP response message: Connection refused: connect,Thread Group 1-1268,text,false,,2131,0,4718,4718,0,0,3568
1529993197947,3422,HTTP Request,Non HTTP response code: java.net.ConnectException,Non HTTP response message: Connection refused: connect,Thread Group 1-3327,text,false,,2131,0,4717,4717,0,0,3422
1529993197821,3549,HTTP Request,Non HTTP response code: java.net.ConnectException,Non HTTP response message: Connection refused: connect,Thread Group 1-1290,text,false,,2131,0,4715,4715,0,0,3549
1529993197965,3405,HTTP Request,Non HTTP response code: java.net.ConnectException,Non HTTP response message: Connection refused: connect,Thread Group 1-4430,text,false,,2131,0,4714,4714,0,0,3405
1529993197767,3603,HTTP Request,Non HTTP response code: java.net.ConnectException,Non HTTP response message: Connection refused: connect,Thread Group 1-1612,text,false,,2131,0,4713,4713,0,0,3603
1529993197982,3389,HTTP Request,Non HTTP response code: java.net.ConnectException,Non HTTP response message: Connection refused: connect,Thread Group 1-4399,text,false,,2131,0,4712,4712,0,0,3389
1529993197728,3643,HTTP Request,Non HTTP response code: java.net.ConnectException,Non HTTP response message: Connection refused: connect,Thread Group 1-2689,text,false,,2131,0,4711,4711,0,0,3643
1529993197896,3475,HTTP Request,Non HTTP response code: java.net.ConnectException,Non HTTP response message: Connection refused: connect,Thread Group 1-1387,text,false,,2131,0,4710,4710,0,0,3475
1529993198026,3346,HTTP Request,Non HTTP response code: java.net.ConnectException,Non HTTP response message: Connection refused: connect,Thread Group 1-3417,text,false,,2131,0,4709,4709,0,0,3346
1529993197982,3390,HTTP Request,Non HTTP response code: java.net.ConnectException,Non HTTP response message: Connection refused: connect,Thread Group 1-4397,text,false,,2131,0,4709,4709,0,0,3390
1529993197749,3623,HTTP Request,Non HTTP response code: java.net.ConnectException,Non HTTP response message: Connection refused: connect,Thread Group 1-2639,text,false,,2131,0,4708,4708,0,0,3623
1529993197969,3403,HTTP Request,Non HTTP response code: java.net.ConnectException,Non HTTP response message: Connection refused: connect,Thread Group 1-3276,text,false,,2131,0,4708,4708,0,0,3403
1529993197915,3457,HTTP Request,Non HTTP response code: java.net.ConnectException,Non HTTP response message: Connection refused: connect,Thread Group 1-1196,text,false,,2131,0,4707,4707,0,0,3457
1529993197791,3582,HTTP Request,Non HTTP response code: java.net.ConnectException,Non HTTP response message: Connection refused: connect,Thread Group 1-2410,text,false,,2131,0,4704,4704,0,0,3582
1529993197755,3618,HTTP Request,Non HTTP response code: java.net.ConnectException,Non HTTP response message: Connection refused: connect,Thread Group 1-2615,text,false,,2131,0,4703,4703,0,0,3618
1529993197785,3589,HTTP Request,Non HTTP response code: java.net.ConnectException,Non HTTP response message: Connection refused: connect,Thread Group 1-2471,text,false,,2131,0,4702,4702,0,0,3589
1529993197796,3578,HTTP Request,Non HTTP response code: java.net.ConnectException,Non HTTP response message: Connection refused: connect,Thread Group 1-2439,text,false,,2131,0,4702,4702,0,0,3578
1529993197732,3642,HTTP Request,Non HTTP response code: java.net.ConnectException,Non HTTP response message: Connection refused: connect,Thread Group 1-1743,text,false,,2131,0,4701,4701,0,0,3642
1529993197967,3408,HTTP Request,Non HTTP response code: java.net.ConnectException,Non HTTP response message: Connection refused: connect,Thread Group 1-3279,text,false,,2131,0,4700,4700,0,0,3408
1529993197791,3584,HTTP Request,Non HTTP response code: java.net.ConnectException,Non HTTP response message: Connection refused: connect,Thread Group 1-2415,text,false,,2131,0,4698,4698,0,0,3584
1529993197953,3448,HTTP Request,Non HTTP response code: java.net.ConnectException,Non HTTP response message: Connection refused: connect,Thread Group 1-4462,text,false,,2131,0,4698,4698,0,0,3448
1529993197905,3491,HTTP Request,Non HTTP response code: java.net.ConnectException,Non HTTP response message: Connection refused: connect,Thread Group 1-1462,text,false,,2131,0,4698,4698,0,0,3491
1529993197854,3542,HTTP Request,Non HTTP response code: java.net.ConnectException,Non HTTP response message: Connection refused: connect,Thread Group 1-1250,text,false,,2131,0,4698,4698,0,0,3542
1529993197829,3567,HTTP Request,Non HTTP response code: java.net.ConnectException,Non HTTP response message: Connection refused: connect,Thread Group 1-1294,text,false,,2131,0,4698,4698,0,0,3567
1529993197920,3476,HTTP Request,Non HTTP response code: java.net.ConnectException,Non HTTP response message: Connection refused: connect,Thread Group 1-1512,text,false,,2131,0,4698,4698,0,0,3476
1529993197972,3424,HTTP Request,Non HTTP response code: java.net.ConnectException,Non HTTP response message: Connection refused: connect,Thread Group 1-4412,text,false,,2131,0,4698,4698,0,0,3424
1529993198017,3379,HTTP Request,Non HTTP response code: java.net.ConnectException,Non HTTP response message: Connection refused: connect,Thread Group 1-3389,text,false,,2131,0,4698,4698,0,0,3379
1529993197986,3410,HTTP Request,Non HTTP response code: java.net.ConnectException,Non HTTP response message: Connection refused: connect,Thread Group 1-4391,text,false,,2131,0,4698,4698,0,0,3410
1529993197998,3398,HTTP Request,Non HTTP response code: java.net.ConnectException,Non HTTP response message: Connection refused: connect,Thread Group 1-4373,text,false,,2131,0,4698,4698,0,0,3398
1529993197963,3433,HTTP Request,Non HTTP response code: java.net.ConnectException,Non HTTP response message: Connection refused: connect,Thread Group 1-4442,text,false,,2131,0,4698,4698,0,0,3433
1529993197917,3479,HTTP Request,Non HTTP response code: java.net.ConnectException,Non HTTP response message: Connection refused: connect,Thread Group 1-1197,text,false,,2131,0,4698,4698,0,0,3479
1529993197931,3464,HTTP Request,Non HTTP response code: java.net.ConnectException,Non HTTP response message: Connection refused: connect,Thread Group 1-4320,text,false,,2131,0,4698,4698,0,0,3464
1529993197892,3503,HTTP Request,Non HTTP response code: java.net.ConnectException,Non HTTP response message: Connection refused: connect,Thread Group 1-1358,text,false,,2131,0,4698,4698,0,0,3503
1529993197970,3425,HTTP Request,Non HTTP response code: java.net.ConnectException,Non HTTP response message: Connection refused: connect,Thread Group 1-3273,text,false,,2131,0,4698,4698,0,0,3425
1529993198005,3390,HTTP Request,Non HTTP response code: java.net.ConnectException,Non HTTP response message: Connection refused: connect,Thread Group 1-4364,text,false,,2131,0,4698,4698,0,0,3390
1529993197720,3669,HTTP Request,Non HTTP response code: java.net.ConnectException,Non HTTP response message: Connection refused: connect,Thread Group 1-1705,text,false,,2131,0,4698,4698,0,0,3669
1529993197894,3495,HTTP Request,Non HTTP response code: java.net.ConnectException,Non HTTP response message: Connection refused: connect,Thread Group 1-1362,text,false,,2131,0,4698,4698,0,0,3495
1529993197989,3400,HTTP Request,Non HTTP response code: java.net.ConnectException,Non HTTP response message: Connection refused: connect,Thread Group 1-4390,text,false,,2131,0,4698,4698,0,0,3400
1529993197748,3641,HTTP Request,Non HTTP response code: java.net.ConnectException,Non HTTP response message: Connection refused: connect,Thread Group 1-1673,text,false,,2131,0,4698,4698,0,0,3641
1529993197751,3637,HTTP Request,Non HTTP response code: java.net.ConnectException,Non HTTP response message: Connection refused: connect,Thread Group 1-2634,text,false,,2131,0,4698,4698,0,0,3637
1529993197789,3599,HTTP Request,Non HTTP response code: java.net.ConnectException,Non HTTP response message: Connection refused: connect,Thread Group 1-2405,text,false,,2131,0,4698,4698,0,0,3599
1529993197777,3611,HTTP Request,Non HTTP response code: java.net.ConnectException,Non HTTP response message: Connection refused: connect,Thread Group 1-2523,text,false,,2131,0,4698,4698,0,0,3611
1529993197897,3491,HTTP Request,Non HTTP response code: java.net.ConnectException,Non HTTP response message: Connection refused: connect,Thread Group 1-1399,text,false,,2131,0,4698,4698,0,0,3491
1529993197899,3489,HTTP Request,Non HTTP response code: java.net.ConnectException,Non HTTP response message: Connection refused: connect,Thread Group 1-1238,text,false,,2131,0,4698,4698,0,0,3489
1529993197771,3617,HTTP Request,Non HTTP response code: java.net.ConnectException,Non HTTP response message: Connection refused: connect,Thread Group 1-2548,text,false,,2131,0,4698,4698,0,0,3617
1529993197656,3732,HTTP Request,Non HTTP response code: java.net.ConnectException,Non HTTP response message: Connection refused: connect,Thread Group 1-1939,text,false,,2131,0,4698,4698,0,0,3732
1529993197746,3642,HTTP Request,Non HTTP response code: java.net.ConnectException,Non HTTP response message: Connection refused: connect,Thread Group 1-1685,text,false,,2131,0,4698,4698,0,0,3642
1529993197662,3726,HTTP Request,Non HTTP response code: java.net.ConnectException,Non HTTP response message: Connection refused: connect,Thread Group 1-2274,text,false,,2131,0,4698,4698,0,0,3726
1529993197930,3457,HTTP Request,Non HTTP response code: java.net.ConnectException,Non HTTP response message: Connection refused: connect,Thread Group 1-4342,text,false,,2131,0,4698,4698,0,0,3457
1529993198019,3368,HTTP Request,Non HTTP response code: java.net.ConnectException,Non HTTP response message: Connection refused: connect,Thread Group 1-4545,text,false,,2131,0,4698,4698,0,0,3368
1529993197743,3644,HTTP Request,Non HTTP response code: java.net.ConnectException,Non HTTP response message: Connection refused: connect,Thread Group 1-1658,text,false,,2131,0,4698,4698,0,0,3644
1529993197928,3459,HTTP Request,Non HTTP response code: java.net.ConnectException,Non HTTP response message: Connection refused: connect,Thread Group 1-3243,text,false,,2131,0,4698,4698,0,0,3459
1529993197825,3562,HTTP Request,Non HTTP response code: java.net.ConnectException,Non HTTP response message: Connection refused: connect,Thread Group 1-1288,text,false,,2131,0,4698,4698,0,0,3562
1529993197899,3488,HTTP Request,Non HTTP response code: java.net.ConnectException,Non HTTP response message: Connection refused: connect,Thread Group 1-1418,text,false,,2131,0,4698,4698,0,0,3488
1529993197724,3663,HTTP Request,Non HTTP response code: java.net.ConnectException,Non HTTP response message: Connection refused: connect,Thread Group 1-1774,text,false,,2131,0,4698,4698,0,0,3663
1529993197781,3606,HTTP Request,Non HTTP response code: java.net.ConnectException,Non HTTP response message: Connection refused: connect,Thread Group 1-2500,text,false,,2131,0,4698,4698,0,0,3606
1529993197751,3636,HTTP Request,Non HTTP response code: java.net.ConnectException,Non HTTP response message: Connection refused: connect,Thread Group 1-1659,text,false,,2131,0,4698,4698,0,0,3636
1529993197770,3616,HTTP Request,Non HTTP response code: java.net.ConnectException,Non HTTP response message: Connection refused: connect,Thread Group 1-2557,text,false,,2131,0,4698,4698,0,0,3616
1529993198030,3356,HTTP Request,Non HTTP response code: java.net.ConnectException,Non HTTP response message: Connection refused: connect,Thread Group 1-4600,text,false,,2131,0,4698,4698,0,0,3356
1529993197727,3659,HTTP Request,Non HTTP response code: java.net.ConnectException,Non HTTP response message: Connection refused: connect,Thread Group 1-1798,text,false,,2131,0,4698,4698,0,0,3659
1529993197783,3603,HTTP Request,Non HTTP response code: java.net.ConnectException,Non HTTP response message: Connection refused: connect,Thread Group 1-2486,text,false,,2131,0,4698,4698,0,0,3603
1529993197793,3593,HTTP Request,Non HTTP response code: java.net.ConnectException,Non HTTP response message: Connection refused: connect,Thread Group 1-2424,text,false,,2131,0,4698,4698,0,0,3593
1529993197714,3672,HTTP Request,Non HTTP response code: java.net.ConnectException,Non HTTP response message: Connection refused: connect,Thread Group 1-1662,text,false,,2131,0,4698,4698,0,0,3672
1529993197764,3622,HTTP Request,Non HTTP response code: java.net.ConnectException,Non HTTP response message: Connection refused: connect,Thread Group 1-2585,text,false,,2131,0,4698,4698,0,0,3622
1529993197828,3557,HTTP Request,Non HTTP response code: java.net.ConnectException,Non HTTP response message: Connection refused: connect,Thread Group 1-1293,text,false,,2131,0,4698,4698,0,0,3557
1529993197931,3454,HTTP Request,Non HTTP response code: java.net.ConnectException,Non HTTP response message: Connection refused: connect,Thread Group 1-4319,text,false,,2131,0,4698,4698,0,0,3454
1529993197777,3608,HTTP Request,Non HTTP response code: java.net.ConnectException,Non HTTP response message: Connection refused: connect,Thread Group 1-2521,text,false,,2131,0,4698,4698,0,0,3608
1529993197965,3420,HTTP Request,Non HTTP response code: java.net.ConnectException,Non HTTP response message: Connection refused: connect,Thread Group 1-3285,text,false,,2131,0,4698,4698,0,0,3420
1529993198026,3359,HTTP Request,Non HTTP response code: java.net.ConnectException,Non HTTP response message: Connection refused: connect,Thread Group 1-4570,text,false,,2131,0,4698,4698,0,0,3359
1529993197999,3386,HTTP Request,Non HTTP response code: java.net.ConnectException,Non HTTP response message: Connection refused: connect,Thread Group 1-3234,text,false,,2131,0,4698,4698,0,0,3386
1529993197733,3652,HTTP Request,Non HTTP response code: java.net.ConnectException,Non HTTP response message: Connection refused: connect,Thread Group 1-1817,text,false,,2131,0,4698,4698,0,0,3652
1529993197791,3593,HTTP Request,Non HTTP response code: java.net.ConnectException,Non HTTP response message: Connection refused: connect,Thread Group 1-2409,text,false,,2131,0,4698,4698,0,0,3593
1529993197806,3578,HTTP Request,Non HTTP response code: java.net.ConnectException,Non HTTP response message: Connection refused: connect,Thread Group 1-1219,text,false,,2131,0,4698,4698,0,0,3578
1529993197949,3435,HTTP Request,Non HTTP response code: java.net.ConnectException,Non HTTP response message: Connection refused: connect,Thread Group 1-4483,text,false,,2131,0,4698,4698,0,0,3435
1529993197750,3634,HTTP Request,Non HTTP response code: java.net.ConnectException,Non HTTP response message: Connection refused: connect,Thread Group 1-2631,text,false,,2131,0,4698,4698,0,0,3634
1529993197730,3654,HTTP Request,Non HTTP response code: java.net.ConnectException,Non HTTP response message: Connection refused: connect,Thread Group 1-1805,text,false,,2131,0,4698,4698,0,0,3654
1529993197685,3699,HTTP Request,Non HTTP response code: java.net.ConnectException,Non HTTP response message: Connection refused: connect,Thread Group 1-1744,text,false,,2131,0,4698,4698,0,0,3699
1529993197784,3599,HTTP Request,Non HTTP response code: java.net.ConnectException,Non HTTP response message: Connection refused: connect,Thread Group 1-2482,text,false,,2131,0,4698,4698,0,0,3599
1529993197777,3606,HTTP Request,Non HTTP response code: java.net.ConnectException,Non HTTP response message: Connection refused: connect,Thread Group 1-2524,text,false,,2131,0,4698,4698,0,0,3606
1529993197797,3586,HTTP Request,Non HTTP response code: java.net.ConnectException,Non HTTP response message: Connection refused: connect,Thread Group 1-2447,text,false,,2131,0,4698,4698,0,0,3586
1529993197793,3590,HTTP Request,Non HTTP response code: java.net.ConnectException,Non HTTP response message: Connection refused: connect,Thread Group 1-2421,text,false,,2131,0,4698,4698,0,0,3590
1529993197745,3638,HTTP Request,Non HTTP response code: java.net.ConnectException,Non HTTP response message: Connection refused: connect,Thread Group 1-2669,text,false,,2131,0,4698,4698,0,0,3638
1529993197734,3649,HTTP Request,Non HTTP response code: java.net.ConnectException,Non HTTP response message: Connection refused: connect,Thread Group 1-1856,text,false,,2131,0,4698,4698,0,0,3649
1529993197786,3597,HTTP Request,Non HTTP response code: java.net.ConnectException,Non HTTP response message: Connection refused: connect,Thread Group 1-2468,text,false,,2131,0,4698,4698,0,0,3597
1529993197781,3777,HTTP Request,Non HTTP response code: java.net.ConnectException,Non HTTP response message: Connection refused: connect,Thread Group 1-2498,text,false,,2131,0,4621,4621,0,0,3777
1529993197797,3761,HTTP Request,Non HTTP response code: java.net.ConnectException,Non HTTP response message: Connection refused: connect,Thread Group 1-2449,text,false,,2131,0,4621,4621,0,0,3761
1529993197670,3888,HTTP Request,Non HTTP response code: java.net.ConnectException,Non HTTP response message: Connection refused: connect,Thread Group 1-1516,text,false,,2131,0,4619,4619,0,0,3888
1529993197822,3736,HTTP Request,Non HTTP response code: java.net.ConnectException,Non HTTP response message: Connection refused: connect,Thread Group 1-1837,text,false,,2131,0,4618,4618,0,0,3736
1529993198013,3546,HTTP Request,Non HTTP response code: java.net.ConnectException,Non HTTP response message: Connection refused: connect,Thread Group 1-4327,text,false,,2131,0,4618,4618,0,0,3546
1529993197889,3670,HTTP Request,Non HTTP response code: java.net.ConnectException,Non HTTP response message: Connection refused: connect,Thread Group 1-1355,text,false,,2131,0,4616,4616,0,0,3670
1529993197831,3728,HTTP Request,Non HTTP response code: java.net.ConnectException,Non HTTP response message: Connection refused: connect,Thread Group 1-1291,text,false,,2131,0,4616,4616,0,0,3728
1529993197673,3886,HTTP Request,Non HTTP response code: java.net.ConnectException,Non HTTP response message: Connection refused: connect,Thread Group 1-1484,text,false,,2131,0,4615,4615,0,0,3886
1529993197731,3828,HTTP Request,Non HTTP response code: java.net.ConnectException,Non HTTP response message: Connection refused: connect,Thread Group 1-1745,text,false,,2131,0,4614,4614,0,0,3828
1529993197664,3896,HTTP Request,Non HTTP response code: java.net.ConnectException,Non HTTP response message: Connection refused: connect,Thread Group 1-2251,text,false,,2131,0,4613,4613,0,0,3896
1529993197741,3819,HTTP Request,Non HTTP response code: java.net.ConnectException,Non HTTP response message: Connection refused: connect,Thread Group 1-1697,text,false,,2131,0,4612,4612,0,0,3819
1529993197985,3575,HTTP Request,Non HTTP response code: java.net.ConnectException,Non HTTP response message: Connection refused: connect,Thread Group 1-4395,text,false,,2131,0,4612,4612,0,0,3575
1529993198030,3531,HTTP Request,Non HTTP response code: java.net.ConnectException,Non HTTP response message: Connection refused: connect,Thread Group 1-3445,text,false,,2131,0,4610,4610,0,0,3530
1529993197790,3767,HTTP Request,Non HTTP response code: java.net.ConnectException,Non HTTP response message: Connection refused: connect,Thread Group 1-2397,text,false,,2131,0,4609,4609,0,0,3767
1529993197897,3664,HTTP Request,Non HTTP response code: java.net.ConnectException,Non HTTP response message: Connection refused: connect,Thread Group 1-1396,text,false,,2131,0,4608,4608,0,0,3664
1529993197726,3657,HTTP Request,Non HTTP response code: java.net.ConnectException,Non HTTP response message: Connection refused: connect,Thread Group 1-1795,text,false,,2131,0,4698,4698,0,0,3656
1529993197817,3754,HTTP Request,Non HTTP response code: java.net.ConnectException,Non HTTP response message: Connection refused: connect,Thread Group 1-1282,text,false,,2131,0,4605,4605,0,0,3754
1529993197765,3807,HTTP Request,Non HTTP response code: java.net.ConnectException,Non HTTP response message: Connection refused: connect,Thread Group 1-2578,text,false,,2131,0,4604,4604,0,0,3807
1529993197797,3775,HTTP Request,Non HTTP response code: java.net.ConnectException,Non HTTP response message: Connection refused: connect,Thread Group 1-2448,text,false,,2131,0,4603,4603,0,0,3775
1529993197653,3921,HTTP Request,Non HTTP response code: java.net.ConnectException,Non HTTP response message: Connection refused: connect,Thread Group 1-2773,text,false,,2131,0,4602,4602,0,0,3921
1529993197916,3658,HTTP Request,Non HTTP response code: java.net.ConnectException,Non HTTP response message: Connection refused: connect,Thread Group 1-1487,text,false,,2131,0,4601,4601,0,0,3658
1529993197992,3583,HTTP Request,Non HTTP response code: java.net.ConnectException,Non HTTP response message: Connection refused: connect,Thread Group 1-3240,text,false,,2131,0,4600,4600,0,0,3583
1529993198032,3543,HTTP Request,Non HTTP response code: java.net.ConnectException,Non HTTP response message: Connection refused: connect,Thread Group 1-4612,text,false,,2131,0,4600,4600,0,0,3543
1529993197901,3481,HTTP Request,Non HTTP response code: java.net.ConnectException,Non HTTP response message: Connection refused: connect,Thread Group 1-1435,text,false,,2131,0,4698,4698,0,0,3481
1529993198031,3351,HTTP Request,Non HTTP response code: java.net.ConnectException,Non HTTP response message: Connection refused: connect,Thread Group 1-4602,text,false,,2131,0,4698,4698,0,0,3351
1529993197903,3479,HTTP Request,Non HTTP response code: java.net.ConnectException,Non HTTP response message: Connection refused: connect,Thread Group 1-1448,text,false,,2131,0,4698,4698,0,0,3479
1529993197779,3603,HTTP Request,Non HTTP response code: java.net.ConnectException,Non HTTP response message: Connection refused: connect,Thread Group 1-2509,text,false,,2131,0,4698,4698,0,0,3603
1529993197673,3709,HTTP Request,Non HTTP response code: java.net.ConnectException,Non HTTP response message: Connection refused: connect,Thread Group 1-1493,text,false,,2131,0,4698,4698,0,0,3709
1529993197704,3678,HTTP Request,Non HTTP response code: java.net.ConnectException,Non HTTP response message: Connection refused: connect,Thread Group 1-2714,text,false,,2131,0,4698,4698,0,0,3678
1529993197713,3668,HTTP Request,Non HTTP response code: java.net.ConnectException,Non HTTP response message: Connection refused: connect,Thread Group 1-1654,text,false,,2131,0,4698,4698,0,0,3668
1529993197791,3590,HTTP Request,Non HTTP response code: java.net.ConnectException,Non HTTP response message: Connection refused: connect,Thread Group 1-2408,text,false,,2131,0,4698,4698,0,0,3590
1529993197731,3650,HTTP Request,Non HTTP response code: java.net.ConnectException,Non HTTP response message: Connection refused: connect,Thread Group 1-1809,text,false,,2131,0,4698,4698,0,0,3650
1529993197817,3564,HTTP Request,Non HTTP response code: java.net.ConnectException,Non HTTP response message: Connection refused: connect,Thread Group 1-1283,text,false,,2131,0,4698,4698,0,0,3564
1529993197792,3589,HTTP Request,Non HTTP response code: java.net.ConnectException,Non HTTP response message: Connection refused: connect,Thread Group 1-2419,text,false,,2131,0,4698,4698,0,0,3589
1529993197725,3656,HTTP Request,Non HTTP response code: java.net.ConnectException,Non HTTP response message: Connection refused: connect,Thread Group 1-1785,text,false,,2131,0,4698,4698,0,0,3656
1529993197788,3592,HTTP Request,Non HTTP response code: java.net.ConnectException,Non HTTP response message: Connection refused: connect,Thread Group 1-2454,text,false,,2131,0,4698,4698,0,0,3592
1529993197779,3602,HTTP Request,Non HTTP response code: java.net.ConnectException,Non HTTP response message: Connection refused: connect,Thread Group 1-2514,text,false,,2131,0,4698,4698,0,0,3602
1529993197790,3590,HTTP Request,Non HTTP response code: java.net.ConnectException,Non HTTP response message: Connection refused: connect,Thread Group 1-2399,text,false,,2131,0,4698,4698,0,0,3590
1529993197780,3600,HTTP Request,Non HTTP response code: java.net.ConnectException,Non HTTP response message: Connection refused: connect,Thread Group 1-2503,text,false,,2131,0,4698,4698,0,0,3600
1529993197846,3534,HTTP Request,Non HTTP response code: java.net.ConnectException,Non HTTP response message: Connection refused: connect,Thread Group 1-1310,text,false,,2131,0,4698,4698,0,0,3534
1529993197661,3719,HTTP Request,Non HTTP response code: java.net.ConnectException,Non HTTP response message: Connection refused: connect,Thread Group 1-1564,text,false,,2131,0,4698,4698,0,0,3719
1529993197788,3592,HTTP Request,Non HTTP response code: java.net.ConnectException,Non HTTP response message: Connection refused: connect,Thread Group 1-1220,text,false,,2131,0,4698,4698,0,0,3592
1529993198027,3352,HTTP Request,Non HTTP response code: java.net.ConnectException,Non HTTP response message: Connection refused: connect,Thread Group 1-3421,text,false,,2131,0,4698,4698,0,0,3352
1529993197898,3481,HTTP Request,Non HTTP response code: java.net.ConnectException,Non HTTP response message: Connection refused: connect,Thread Group 1-1410,text,false,,2131,0,4698,4698,0,0,3481
1529993197720,3659,HTTP Request,Non HTTP response code: java.net.ConnectException,Non HTTP response message: Connection refused: connect,Thread Group 1-1698,text,false,,2131,0,4698,4698,0,0,3659
1529993198032,3347,HTTP Request,Non HTTP response code: java.net.ConnectException,Non HTTP response message: Connection refused: connect,Thread Group 1-4619,text,false,,2131,0,4698,4698,0,0,3347
1529993197882,3497,HTTP Request,Non HTTP response code: java.net.ConnectException,Non HTTP response message: Connection refused: connect,Thread Group 1-1344,text,false,,2131,0,4698,4698,0,0,3497
1529993197719,3659,HTTP Request,Non HTTP response code: java.net.ConnectException,Non HTTP response message: Connection refused: connect,Thread Group 1-1684,text,false,,2131,0,4698,4698,0,0,3659
1529993197796,3582,HTTP Request,Non HTTP response code: java.net.ConnectException,Non HTTP response message: Connection refused: connect,Thread Group 1-2438,text,false,,2131,0,4698,4698,0,0,3582
1529993197785,3593,HTTP Request,Non HTTP response code: java.net.ConnectException,Non HTTP response message: Connection refused: connect,Thread Group 1-2473,text,false,,2131,0,4698,4698,0,0,3593
1529993197808,3570,HTTP Request,Non HTTP response code: java.net.ConnectException,Non HTTP response message: Connection refused: connect,Thread Group 1-1271,text,false,,2131,0,4698,4698,0,0,3570
1529993197915,3463,HTTP Request,Non HTTP response code: java.net.ConnectException,Non HTTP response message: Connection refused: connect,Thread Group 1-1477,text,false,,2131,0,4698,4698,0,0,3463
1529993197800,3578,HTTP Request,Non HTTP response code: java.net.ConnectException,Non HTTP response message: Connection refused: connect,Thread Group 1-1246,text,false,,2131,0,4698,4698,0,0,3578
1529993197913,3465,HTTP Request,Non HTTP response code: java.net.ConnectException,Non HTTP response message: Connection refused: connect,Thread Group 1-2374,text,false,,2131,0,4698,4698,0,0,3465
1529993197738,3639,HTTP Request,Non HTTP response code: java.net.ConnectException,Non HTTP response message: Connection refused: connect,Thread Group 1-1707,text,false,,2131,0,4698,4698,0,0,3639
1529993197759,3618,HTTP Request,Non HTTP response code: java.net.ConnectException,Non HTTP response message: Connection refused: connect,Thread Group 1-1627,text,false,,2131,0,4698,4698,0,0,3618
1529993197919,3458,HTTP Request,Non HTTP response code: java.net.ConnectException,Non HTTP response message: Connection refused: connect,Thread Group 1-1509,text,false,,2131,0,4698,4698,0,0,3458
1529993197779,3598,HTTP Request,Non HTTP response code: java.net.ConnectException,Non HTTP response message: Connection refused: connect,Thread Group 1-2510,text,false,,2131,0,4698,4698,0,0,3598
1529993197902,3475,HTTP Request,Non HTTP response code: java.net.ConnectException,Non HTTP response message: Connection refused: connect,Thread Group 1-1438,text,false,,2131,0,4698,4698,0,0,3475
1529993197699,3678,HTTP Request,Non HTTP response code: java.net.ConnectException,Non HTTP response message: Connection refused: connect,Thread Group 1-1369,text,false,,2131,0,4698,4698,0,0,3678
1529993197913,3464,HTTP Request,Non HTTP response code: java.net.ConnectException,Non HTTP response message: Connection refused: connect,Thread Group 1-2372,text,false,,2131,0,4698,4698,0,0,3464
1529993197918,3458,HTTP Request,Non HTTP response code: java.net.ConnectException,Non HTTP response message: Connection refused: connect,Thread Group 1-1500,text,false,,2131,0,4698,4698,0,0,3458
1529993197922,3454,HTTP Request,Non HTTP response code: java.net.ConnectException,Non HTTP response message: Connection refused: connect,Thread Group 1-4449,text,false,,2131,0,4698,4698,0,0,3454
1529993197672,3704,HTTP Request,Non HTTP response code: java.net.ConnectException,Non HTTP response message: Connection refused: connect,Thread Group 1-1501,text,false,,2131,0,4698,4698,0,0,3704
1529993197695,3681,HTTP Request,Non HTTP response code: java.net.ConnectException,Non HTTP response message: Connection refused: connect,Thread Group 1-1393,text,false,,2131,0,4698,4698,0,0,3681
1529993197749,3627,HTTP Request,Non HTTP response code: java.net.ConnectException,Non HTTP response message: Connection refused: connect,Thread Group 1-2636,text,false,,2131,0,4698,4698,0,0,3627
1529993197784,3790,HTTP Request,Non HTTP response code: java.net.ConnectException,Non HTTP response message: Connection refused: connect,Thread Group 1-2481,text,false,,2131,0,4602,4602,0,0,3790
1529993198035,3577,HTTP Request,Non HTTP response code: java.net.ConnectException,Non HTTP response message: Connection refused: connect,Thread Group 1-4697,text,false,,2131,0,4554,4554,0,0,3577
1529993198042,3571,HTTP Request,Non HTTP response code: java.net.ConnectException,Non HTTP response message: Connection refused: connect,Thread Group 1-4920,text,false,,2131,0,4553,4553,0,0,3571
1529993198037,3575,HTTP Request,Non HTTP response code: java.net.ConnectException,Non HTTP response message: Connection refused: connect,Thread Group 1-4776,text,false,,2131,0,4552,4552,0,0,3575
1529993198038,3581,HTTP Request,Non HTTP response code: java.net.ConnectException,Non HTTP response message: Connection refused: connect,Thread Group 1-3637,text,false,,2131,0,4551,4551,0,0,3581
1529993198039,3582,HTTP Request,Non HTTP response code: java.net.ConnectException,Non HTTP response message: Connection refused: connect,Thread Group 1-3663,text,false,,2131,0,4550,4550,0,0,3581
1529993198035,3590,HTTP Request,Non HTTP response code: java.net.ConnectException,Non HTTP response message: Connection refused: connect,Thread Group 1-4699,text,false,,2131,0,4548,4548,0,0,3590
1529993198158,4032,HTTP Request,Non HTTP response code: java.net.ConnectException,Non HTTP response message: Connection refused: connect,Thread Group 1-4530,text,false,,2131,0,4539,4539,0,0,4032
1529993198099,4093,HTTP Request,Non HTTP response code: java.net.ConnectException,Non HTTP response message: Connection refused: connect,Thread Group 1-4229,text,false,,2131,0,4538,4538,0,0,4093
1529993198142,4051,HTTP Request,Non HTTP response code: java.net.ConnectException,Non HTTP response message: Connection refused: connect,Thread Group 1-3041,text,false,,2131,0,4537,4537,0,0,4051
1529993198115,4080,HTTP Request,Non HTTP response code: java.net.ConnectException,Non HTTP response message: Connection refused: connect,Thread Group 1-4301,text,false,,2131,0,4536,4536,0,0,4080
1529993198140,4061,HTTP Request,Non HTTP response code: java.net.ConnectException,Non HTTP response message: Connection refused: connect,Thread Group 1-4438,text,false,,2131,0,4535,4535,0,0,4061
1529993198156,4046,HTTP Request,Non HTTP response code: java.net.ConnectException,Non HTTP response message: Connection refused: connect,Thread Group 1-3021,text,false,,2131,0,4534,4534,0,0,4046
1529993198131,4073,HTTP Request,Non HTTP response code: java.net.ConnectException,Non HTTP response message: Connection refused: connect,Thread Group 1-4385,text,false,,2131,0,4533,4533,0,0,4073
1529993198136,4069,HTTP Request,Non HTTP response code: java.net.ConnectException,Non HTTP response message: Connection refused: connect,Thread Group 1-4413,text,false,,2131,0,4532,4532,0,0,4069
1529993198149,4057,HTTP Request,Non HTTP response code: java.net.ConnectException,Non HTTP response message: Connection refused: connect,Thread Group 1-3032,text,false,,2131,0,4531,4531,0,0,4057
1529993198155,4053,HTTP Request,Non HTTP response code: java.net.ConnectException,Non HTTP response message: Connection refused: connect,Thread Group 1-4516,text,false,,2131,0,4530,4530,0,0,4053
1529993198154,4055,HTTP Request,Non HTTP response code: java.net.ConnectException,Non HTTP response message: Connection refused: connect,Thread Group 1-4513,text,false,,2131,0,4529,4529,0,0,4055
1529993198137,4076,HTTP Request,Non HTTP response code: java.net.ConnectException,Non HTTP response message: Connection refused: connect,Thread Group 1-4418,text,false,,2131,0,4528,4528,0,0,4076
1529993198151,4063,HTTP Request,Non HTTP response code: java.net.ConnectException,Non HTTP response message: Connection refused: connect,Thread Group 1-4155,text,false,,2131,0,4527,4527,0,0,4063
1529993198110,4105,HTTP Request,Non HTTP response code: java.net.ConnectException,Non HTTP response message: Connection refused: connect,Thread Group 1-4285,text,false,,2131,0,4526,4526,0,0,4105
1529993198090,4125,HTTP Request,Non HTTP response code: java.net.ConnectException,Non HTTP response message: Connection refused: connect,Thread Group 1-3088,text,false,,2131,0,4526,4526,0,0,4125
1529993198118,4098,HTTP Request,Non HTTP response code: java.net.ConnectException,Non HTTP response message: Connection refused: connect,Thread Group 1-4322,text,false,,2131,0,4524,4524,0,0,4098
1529993198140,4077,HTTP Request,Non HTTP response code: java.net.ConnectException,Non HTTP response message: Connection refused: connect,Thread Group 1-3071,text,false,,2131,0,4523,4523,0,0,4077
1529993198103,4114,HTTP Request,Non HTTP response code: java.net.ConnectException,Non HTTP response message: Connection refused: connect,Thread Group 1-4246,text,false,,2131,0,4522,4522,0,0,4114
1529993198120,4098,HTTP Request,Non HTTP response code: java.net.ConnectException,Non HTTP response message: Connection refused: connect,Thread Group 1-4334,text,false,,2131,0,4521,4521,0,0,4098
1529993198125,4093,HTTP Request,Non HTTP response code: java.net.ConnectException,Non HTTP response message: Connection refused: connect,Thread Group 1-4359,text,false,,2131,0,4521,4521,0,0,4093
1529993198125,4094,HTTP Request,Non HTTP response code: java.net.ConnectException,Non HTTP response message: Connection refused: connect,Thread Group 1-4356,text,false,,2131,0,4519,4519,0,0,4094
1529993198143,4076,HTTP Request,Non HTTP response code: java.net.ConnectException,Non HTTP response message: Connection refused: connect,Thread Group 1-4446,text,false,,2131,0,4519,4519,0,0,4076
1529993198154,4066,HTTP Request,Non HTTP response code: java.net.ConnectException,Non HTTP response message: Connection refused: connect,Thread Group 1-4509,text,false,,2131,0,4517,4517,0,0,4066
1529993198118,4102,HTTP Request,Non HTTP response code: java.net.ConnectException,Non HTTP response message: Connection refused: connect,Thread Group 1-4324,text,false,,2131,0,4517,4517,0,0,4102
1529993198161,4059,HTTP Request,Non HTTP response code: java.net.ConnectException,Non HTTP response message: Connection refused: connect,Thread Group 1-4542,text,false,,2131,0,4515,4515,0,0,4059
1529993198134,4087,HTTP Request,Non HTTP response code: java.net.ConnectException,Non HTTP response message: Connection refused: connect,Thread Group 1-4396,text,false,,2131,0,4514,4514,0,0,4087
1529993198143,4078,HTTP Request,Non HTTP response code: java.net.ConnectException,Non HTTP response message: Connection refused: connect,Thread Group 1-4448,text,false,,2131,0,4513,4513,0,0,4078
1529993198161,4061,HTTP Request,Non HTTP response code: java.net.ConnectException,Non HTTP response message: Connection refused: connect,Thread Group 1-3010,text,false,,2131,0,4512,4512,0,0,4061
1529993198157,4065,HTTP Request,Non HTTP response code: java.net.ConnectException,Non HTTP response message: Connection refused: connect,Thread Group 1-4139,text,false,,2131,0,4511,4511,0,0,4065
1529993198162,4061,HTTP Request,Non HTTP response code: java.net.ConnectException,Non HTTP response message: Connection refused: connect,Thread Group 1-4551,text,false,,2131,0,4510,4510,0,0,4061
1529993198121,4102,HTTP Request,Non HTTP response code: java.net.ConnectException,Non HTTP response message: Connection refused: connect,Thread Group 1-4343,text,false,,2131,0,4509,4509,0,0,4102
1529993198153,4071,HTTP Request,Non HTTP response code: java.net.ConnectException,Non HTTP response message: Connection refused: connect,Thread Group 1-4149,text,false,,2131,0,4508,4508,0,0,4071
1529993198122,4102,HTTP Request,Non HTTP response code: java.net.ConnectException,Non HTTP response message: Connection refused: connect,Thread Group 1-4344,text,false,,2131,0,4508,4508,0,0,4102
1529993198156,4069,HTTP Request,Non HTTP response code: java.net.ConnectException,Non HTTP response message: Connection refused: connect,Thread Group 1-4517,text,false,,2131,0,4506,4506,0,0,4069
1529993198116,4109,HTTP Request,Non HTTP response code: java.net.ConnectException,Non HTTP response message: Connection refused: connect,Thread Group 1-4309,text,false,,2131,0,4505,4505,0,0,4109
1529993198134,4092,HTTP Request,Non HTTP response code: java.net.ConnectException,Non HTTP response message: Connection refused: connect,Thread Group 1-4174,text,false,,2131,0,4504,4504,0,0,4092
1529993198150,4076,HTTP Request,Non HTTP response code: java.net.ConnectException,Non HTTP response message: Connection refused: connect,Thread Group 1-4491,text,false,,2131,0,4503,4503,0,0,4076
1529993198159,4068,HTTP Request,Non HTTP response code: java.net.ConnectException,Non HTTP response message: Connection refused: connect,Thread Group 1-4132,text,false,,2131,0,4502,4502,0,0,4067
1529993198147,4080,HTTP Request,Non HTTP response code: java.net.ConnectException,Non HTTP response message: Connection refused: connect,Thread Group 1-4158,text,false,,2131,0,4501,4501,0,0,4080
1529993198106,4121,HTTP Request,Non HTTP response code: java.net.ConnectException,Non HTTP response message: Connection refused: connect,Thread Group 1-4196,text,false,,2131,0,4501,4501,0,0,4121
1529993198099,4129,HTTP Request,Non HTTP response code: java.net.ConnectException,Non HTTP response message: Connection refused: connect,Thread Group 1-4227,text,false,,2131,0,4500,4500,0,0,4129
1529993198110,4118,HTTP Request,Non HTTP response code: java.net.ConnectException,Non HTTP response message: Connection refused: connect,Thread Group 1-3063,text,false,,2131,0,4499,4499,0,0,4118
1529993198156,4073,HTTP Request,Non HTTP response code: java.net.ConnectException,Non HTTP response message: Connection refused: connect,Thread Group 1-4520,text,false,,2131,0,4498,4498,0,0,4073
1529993198129,4109,HTTP Request,Non HTTP response code: java.net.ConnectException,Non HTTP response message: Connection refused: connect,Thread Group 1-4377,text,false,,2131,0,4496,4496,0,0,4109
1529993198158,4080,HTTP Request,Non HTTP response code: java.net.ConnectException,Non HTTP response message: Connection refused: connect,Thread Group 1-4535,text,false,,2131,0,4496,4496,0,0,4080
1529993198093,4145,HTTP Request,Non HTTP response code: java.net.ConnectException,Non HTTP response message: Connection refused: connect,Thread Group 1-4197,text,false,,2131,0,4495,4495,0,0,4145
1529993198141,4098,HTTP Request,Non HTTP response code: java.net.ConnectException,Non HTTP response message: Connection refused: connect,Thread Group 1-4436,text,false,,2131,0,4494,4494,0,0,4098
1529993198115,4124,HTTP Request,Non HTTP response code: java.net.ConnectException,Non HTTP response message: Connection refused: connect,Thread Group 1-4189,text,false,,2131,0,4494,4494,0,0,4124
1529993198123,4116,HTTP Request,Non HTTP response code: java.net.ConnectException,Non HTTP response message: Connection refused: connect,Thread Group 1-4349,text,false,,2131,0,4493,4493,0,0,4116
1529993198138,4102,HTTP Request,Non HTTP response code: java.net.ConnectException,Non HTTP response message: Connection refused: connect,Thread Group 1-4423,text,false,,2131,0,4492,4492,0,0,4102
1529993198039,4201,HTTP Request,Non HTTP response code: java.net.ConnectException,Non HTTP response message: Connection refused: connect,Thread Group 1-3673,text,false,,2131,0,4492,4492,0,0,4201
1529993198095,4145,HTTP Request,Non HTTP response code: java.net.ConnectException,Non HTTP response message: Connection refused: connect,Thread Group 1-4214,text,false,,2131,0,4491,4491,0,0,4145
1529993198144,4096,HTTP Request,Non HTTP response code: java.net.ConnectException,Non HTTP response message: Connection refused: connect,Thread Group 1-4162,text,false,,2131,0,4490,4490,0,0,4096
1529993198116,4125,HTTP Request,Non HTTP response code: java.net.ConnectException,Non HTTP response message: Connection refused: connect,Thread Group 1-4190,text,false,,2131,0,4489,4489,0,0,4125
1529993198140,4101,HTTP Request,Non HTTP response code: java.net.ConnectException,Non HTTP response message: Connection refused: connect,Thread Group 1-4433,text,false,,2131,0,4488,4488,0,0,4101
1529993198131,4110,HTTP Request,Non HTTP response code: java.net.ConnectException,Non HTTP response message: Connection refused: connect,Thread Group 1-4171,text,false,,2131,0,4487,4487,0,0,4110
1529993198112,4129,HTTP Request,Non HTTP response code: java.net.ConnectException,Non HTTP response message: Connection refused: connect,Thread Group 1-4293,text,false,,2131,0,4486,4486,0,0,4129
1529993198041,4201,HTTP Request,Non HTTP response code: java.net.ConnectException,Non HTTP response message: Connection refused: connect,Thread Group 1-4904,text,false,,2131,0,4486,4486,0,0,4201
1529993198161,4081,HTTP Request,Non HTTP response code: java.net.ConnectException,Non HTTP response message: Connection refused: connect,Thread Group 1-3036,text,false,,2131,0,4485,4485,0,0,4081
1529993198162,4080,HTTP Request,Non HTTP response code: java.net.ConnectException,Non HTTP response message: Connection refused: connect,Thread Group 1-4554,text,false,,2131,0,4484,4484,0,0,4080
1529993198093,4150,HTTP Request,Non HTTP response code: java.net.ConnectException,Non HTTP response message: Connection refused: connect,Thread Group 1-3090,text,false,,2131,0,4483,4483,0,0,4150
1529993198135,4108,HTTP Request,Non HTTP response code: java.net.ConnectException,Non HTTP response message: Connection refused: connect,Thread Group 1-4407,text,false,,2131,0,4482,4482,0,0,4108
1529993198159,4084,HTTP Request,Non HTTP response code: java.net.ConnectException,Non HTTP response message: Connection refused: connect,Thread Group 1-4131,text,false,,2131,0,4482,4482,0,0,4084
1529993198146,4098,HTTP Request,Non HTTP response code: java.net.ConnectException,Non HTTP response message: Connection refused: connect,Thread Group 1-4165,text,false,,2131,0,4480,4480,0,0,4098
1529993198111,4134,HTTP Request,Non HTTP response code: java.net.ConnectException,Non HTTP response message: Connection refused: connect,Thread Group 1-4288,text,false,,2131,0,4479,4479,0,0,4134
1529993198145,4100,HTTP Request,Non HTTP response code: java.net.ConnectException,Non HTTP response message: Connection refused: connect,Thread Group 1-4164,text,false,,2131,0,4478,4478,0,0,4100
1529993198100,4146,HTTP Request,Non HTTP response code: java.net.ConnectException,Non HTTP response message: Connection refused: connect,Thread Group 1-4231,text,false,,2131,0,4477,4477,0,0,4146
1529993198125,4121,HTTP Request,Non HTTP response code: java.net.ConnectException,Non HTTP response message: Connection refused: connect,Thread Group 1-4178,text,false,,2131,0,4477,4477,0,0,4121
1529993198149,4097,HTTP Request,Non HTTP response code: java.net.ConnectException,Non HTTP response message: Connection refused: connect,Thread Group 1-4490,text,false,,2131,0,4476,4476,0,0,4097
1529993198042,4205,HTTP Request,Non HTTP response code: java.net.ConnectException,Non HTTP response message: Connection refused: connect,Thread Group 1-4931,text,false,,2131,0,4475,4475,0,0,4204
1529993198083,4164,HTTP Request,Non HTTP response code: java.net.ConnectException,Non HTTP response message: Connection refused: connect,Thread Group 1-3096,text,false,,2131,0,4474,4474,0,0,4164
1529993198123,4125,HTTP Request,Non HTTP response code: java.net.ConnectException,Non HTTP response message: Connection refused: connect,Thread Group 1-4351,text,false,,2131,0,4473,4473,0,0,4125
1529993198146,4102,HTTP Request,Non HTTP response code: java.net.ConnectException,Non HTTP response message: Connection refused: connect,Thread Group 1-4475,text,false,,2131,0,4472,4472,0,0,4102
1529993198145,4103,HTTP Request,Non HTTP response code: java.net.ConnectException,Non HTTP response message: Connection refused: connect,Thread Group 1-4470,text,false,,2131,0,4471,4471,0,0,4103
1529993198152,4097,HTTP Request,Non HTTP response code: java.net.ConnectException,Non HTTP response message: Connection refused: connect,Thread Group 1-4497,text,false,,2131,0,4470,4470,0,0,4097
1529993198102,4147,HTTP Request,Non HTTP response code: java.net.ConnectException,Non HTTP response message: Connection refused: connect,Thread Group 1-4243,text,false,,2131,0,4469,4469,0,0,4147
1529993198162,4087,HTTP Request,Non HTTP response code: java.net.ConnectException,Non HTTP response message: Connection refused: connect,Thread Group 1-4126,text,false,,2131,0,4468,4468,0,0,4087
1529993198110,4139,HTTP Request,Non HTTP response code: java.net.ConnectException,Non HTTP response message: Connection refused: connect,Thread Group 1-3064,text,false,,2131,0,4468,4468,0,0,4139
1529993198148,4102,HTTP Request,Non HTTP response code: java.net.ConnectException,Non HTTP response message: Connection refused: connect,Thread Group 1-4159,text,false,,2131,0,4466,4466,0,0,4102
1529993198095,4145,HTTP Request,Non HTTP response code: java.net.ConnectException,Non HTTP response message: Connection refused: connect,Thread Group 1-4205,text,false,,2131,0,4492,4492,0,0,4145
1529993198124,4119,HTTP Request,Non HTTP response code: java.net.ConnectException,Non HTTP response message: Connection refused: connect,Thread Group 1-4360,text,false,,2131,0,4464,4464,0,0,4119
1529993198115,4137,HTTP Request,Non HTTP response code: java.net.ConnectException,Non HTTP response message: Connection refused: connect,Thread Group 1-4306,text,false,,2131,0,4463,4463,0,0,4136
1529993198156,4092,HTTP Request,Non HTTP response code: java.net.ConnectException,Non HTTP response message: Connection refused: connect,Thread Group 1-3019,text,false,,2131,0,4473,4473,0,0,4092
1529993198147,4101,HTTP Request,Non HTTP response code: java.net.ConnectException,Non HTTP response message: Connection refused: connect,Thread Group 1-4474,text,false,,2131,0,4460,4460,0,0,4101
1529993198092,4162,HTTP Request,Non HTTP response code: java.net.ConnectException,Non HTTP response message: Connection refused: connect,Thread Group 1-4193,text,false,,2131,0,4459,4459,0,0,4152
1529993198110,4144,HTTP Request,Non HTTP response code: java.net.ConnectException,Non HTTP response message: Connection refused: connect,Thread Group 1-4283,text,false,,2131,0,4458,4458,0,0,4144
1529993198056,4199,HTTP Request,Non HTTP response code: java.net.ConnectException,Non HTTP response message: Connection refused: connect,Thread Group 1-3148,text,false,,2131,0,4456,4456,0,0,4192
1529993198130,4108,HTTP Request,Non HTTP response code: java.net.ConnectException,Non HTTP response message: Connection refused: connect,Thread Group 1-4381,text,false,,2131,0,4452,4452,0,0,4108
1529993198124,4098,HTTP Request,Non HTTP response code: java.net.ConnectException,Non HTTP response message: Connection refused: connect,Thread Group 1-4354,text,false,,2131,0,4451,4451,0,0,4098
